epoch,step,train_loss
0,49,0.3236862123012543
0,99,0.09883024543523788
0,149,0.04543163254857063
0,199,0.11032392829656601
0,249,0.04629074037075043
0,299,0.26184260845184326
0,349,0.114073246717453
0,399,0.07425873726606369
0,449,0.02894415520131588
0,499,0.03171820193529129
0,549,0.18352073431015015
0,599,0.28438806533813477
0,649,0.19840653240680695
0,699,0.03361721709370613
