train_loss,epoch,step
0.8858240842819214,0,49
0.3893882930278778,0,99
0.2719336450099945,0,149
0.1947661191225052,0,199
0.2517302632331848,0,249
0.27500998973846436,0,299
0.21672938764095306,0,349
0.15806594491004944,0,399
0.04364451766014099,0,449
0.14778350293636322,0,499
