train_loss,epoch,step
0.6883479952812195,0,49
0.21015112102031708,0,99
0.12927302718162537,0,149
0.11711589246988297,0,199
0.092458575963974,0,249
